{"_timestamp":1.753641302430273e+09,"Policy Entropy":3.962995767593384,"Cumulative Model Updates":2004,"Cumulative Timesteps":33705480,"Policy Update Magnitude":0.1639910191297531,"PPO Batch Consumption Time":0.2842597961425781,"Value Function Loss":0.09350928477942944,"Policy Reward":1075.8138854338686,"Timesteps Collected":100022,"Total Iteration Time":11.196108000003733,"SB3 Clip Fraction":0.021581666194833815,"_runtime":493,"Overall Steps per Second":8933.640154236335,"Timestep Collection Time":7.959315299987793,"Mean KL Divergence":0.002706248875862608,"_wandb":{"runtime":493},"_step":42,"Value Function Update Magnitude":0.2098643183708191,"Timestep Consumption Time":3.2367927000159398,"Collected Steps per Second":12566.658843148656}